Sex,Time period,Value,Count
Male,2019 - 21,15.8950117330154,11551.0
Female,2019 - 21,5.18662793543829,3896.0
