Area Name,Time period,Value,Count,Compared to England value or percentiles
North East region,2017 - 19,11.6207436888493,801.0,Worse
North West region,2017 - 19,10.6477950147949,2025.0,Worse
Yorkshire and the Humber region,2017 - 19,11.9667419352042,1699.0,Worse
East Midlands region,2017 - 19,9.51541757604404,1197.0,Better
West Midlands region,2017 - 19,10.19613401674,1548.0,Similar
East of England region,2017 - 19,10.5422892831347,1708.0,Similar
London region,2017 - 19,8.2169070315212,1845.0,Better
South East region,2017 - 19,9.61788563446985,2299.0,Better
South West region,2017 - 19,11.3474305948627,1666.0,Worse
